{
    "0": [
        {
            "mode": "train",
            "f1_macro": 0.1427149829472238,
            "f1_per_class": [
                0,
                0,
                0.3623693379790941,
                0,
                0,
                0.40294117647058825,
                0,
                0,
                0,
                0,
                0,
                0,
                0.2495201535508637,
                0,
                0.14285714285714288,
                0,
                0,
                0.11518324607329844,
                0.4709219858156028,
                0.6763754045307443,
                0,
                0,
                0.5707865168539326,
                0.4820512820512821,
                0.4426719840478564,
                0.5372596153846154,
                0,
                0,
                0.14473684210526316,
                0,
                0,
                0.16666666666666669,
                0.20545073375262052,
                0,
                0,
                0,
                0.28228228228228225,
                0,
                0,
                0,
                0.639141205615194,
                0.19014084507042253,
                0,
                0.42994241842610365,
                0,
                0,
                0,
                0,
                0,
                0.6244503078276166
            ],
            "accuracy": 0.441483559295621,
            "precision_per_class": [
                0.0,
                0.0,
                0.33986928104575165,
                0.0,
                0.0,
                0.40773809523809523,
                0.0,
                0.0,
                0.0,
                0.0,
                0.0,
                0.0,
                0.3170731707317073,
                0.0,
                0.5833333333333334,
                0.0,
                0.0,
                0.23404255319148937,
                0.5,
                0.6314199395770392,
                0.0,
                0.0,
                0.5533769063180828,
                0.5875,
                0.43106796116504853,
                0.41046831955922863,
                0.0,
                0.0,
                0.2972972972972973,
                0.0,
                0.0,
                0.5,
                0.22477064220183487,
                0.0,
                0.0,
                0.0,
                0.3560606060606061,
                0.0,
                0.0,
                0.0,
                0.5819548872180451,
                0.24107142857142858,
                0.0,
                0.3848797250859107,
                0.0,
                0.0,
                0.0,
                0.0,
                0.0,
                0.5725806451612904
            ],
            "recall_per_class": [
                0.0,
                0.0,
                0.3880597014925373,
                0.0,
                0.0,
                0.39825581395348836,
                0.0,
                0.0,
                0.0,
                0.0,
                0.0,
                0.0,
                0.20569620253164558,
                0.0,
                0.08139534883720931,
                0.0,
                0.0,
                0.0763888888888889,
                0.4450402144772118,
                0.7282229965156795,
                0.0,
                0.0,
                0.5893271461716937,
                0.40869565217391307,
                0.45491803278688525,
                0.7773913043478261,
                0.0,
                0.0,
                0.09565217391304348,
                0.0,
                0.0,
                0.1,
                0.1891891891891892,
                0.0,
                0.0,
                0.0,
                0.23383084577114427,
                0.0,
                0.0,
                0.0,
                0.7087912087912088,
                0.1569767441860465,
                0.0,
                0.48695652173913045,
                0.0,
                0.0,
                0.0,
                0.0,
                0.0,
                0.6866537717601547
            ]
        },
        {
            "mode": "val",
            "f1_macro": 0.2143686113101824,
            "f1_per_class": [
                0,
                0,
                0.5760869565217391,
                0,
                0,
                0.5948275862068965,
                0,
                0,
                0,
                0,
                0,
                0,
                0.5323741007194244,
                0,
                0.24,
                0,
                0,
                0.25974025974025977,
                0.5743589743589743,
                0.8387096774193548,
                0,
                0,
                0.7239819004524887,
                0.7999999999999999,
                0.679425837320574,
                0.74375,
                0,
                0,
                0.4761904761904762,
                0,
                0,
                0,
                0.49612403100775193,
                0,
                0,
                0,
                0.4523809523809524,
                0,
                0,
                0,
                0.7607361963190185,
                0.4411764705882353,
                0,
                0.5827338129496402,
                0,
                0,
                0,
                0.13333333333333333,
                0,
                0.8125
            ],
            "accuracy": 0.6232616940581542,
            "precision_per_class": [
                0.0,
                0.0,
                0.6309523809523809,
                0.0,
                0.0,
                0.4726027397260274,
                0.0,
                0.0,
                0.0,
                0.0,
                0.0,
                0.0,
                0.6065573770491803,
                0.0,
                0.75,
                0.0,
                0.0,
                0.23809523809523808,
                0.5490196078431373,
                0.7738095238095238,
                0.0,
                0.0,
                0.7017543859649122,
                0.8148148148148148,
                0.8160919540229885,
                0.672316384180791,
                0.0,
                0.0,
                0.5208333333333334,
                0.0,
                0.0,
                0.0,
                0.49230769230769234,
                0.0,
                0.0,
                0.0,
                0.5588235294117647,
                0.0,
                0.0,
                0.0,
                0.6526315789473685,
                0.6,
                0.0,
                0.49390243902439024,
                0.0,
                0.0,
                0.0,
                1.0,
                0.0,
                0.8188976377952756
            ],