epoch,train_loss,train_acc,train_f1_macro,val_loss,val_f1_macro
1,3.2275251393294453,0.29063425276609006,0.2685285660944195,2.745025734901428,0.24709834269729775
2,1.7220260038304684,0.6241234221598878,0.5962610026631405,1.7274993205070495,0.3855206752235281
3,0.9857227304088536,0.7609474832476235,0.7481973170681927,1.3442921137809754,0.46502696414011774
4,0.6868664241252254,0.8287361695496338,0.8274087975351442,1.1457498037815095,0.5171266317680862
5,0.5373137359002337,0.857877512856475,0.8558902162555158,1.0314377462863922,0.5362144946362615
