{
    "0": [
        {
            "mode": "train",
            "f1_macro": 0.01925289043401097,
            "f1_per_class": [
                0,
                0,
                0.06805708013172337,
                0,
                0,
                0.06984866123399301,
                0,
                0,
                0,
                0,
                0,
                0,
                0.030237580993520512,
                0,
                0.016528925619834708,
                0.012738853503184714,
                0,
                0.011869436201780414,
                0.02788844621513944,
                0.015625000000000003,
                0,
                0,
                0.029350104821802937,
                0,
                0.10825892857142858,
                0.13082583810302537,
                0,
                0.0588235294117647,
                0.02570694087403599,
                0,
                0,
                0,
                0,
                0,
                0,
                0,
                0.005714285714285715,
                0.047619047619047616,
                0,
                0,
                0.10070671378091872,
                0.026755852842809364,
                0,
                0.08986175115207373,
                0,
                0,
                0,
                0,
                0,
                0.08622754491017964
            ],
            "accuracy": 0.0638927847904005,
            "precision_per_class": [
                0.0,
                0.0,
                0.060903732809430254,
                0.0,
                0.0,
                0.05825242718446602,
                0.0,
                0.0,
                0.0,
                0.0,
                0.0,
                0.0,
                0.047619047619047616,
                0.0,
                0.02857142857142857,
                0.007518796992481203,
                0.0,
                0.010362694300518135,
                0.05426356589147287,
                0.030927835051546393,
                0.0,
                0.0,
                0.15217391304347827,
                0.0,
                0.07438650306748466,
                0.12345679012345678,
                0.0,
                0.034482758620689655,
                0.031446540880503145,
                0.0,
                0.0,
                0.0,
                0.0,
                0.0,
                0.0,
                0.0,
                0.006711409395973154,
                0.09090909090909091,
                0.0,
                0.0,
                0.09726962457337884,
                0.031496062992125984,
                0.0,
                0.09558823529411764,
                0.0,
                0.0,
                0.0,
                0.0,
                0.0,
                0.11320754716981132
            ],
            "recall_per_class": [
                0.0,
                0.0,
                0.07711442786069651,
                0.0,
                0.0,
                0.0872093023255814,
                0.0,
                0.0,
                0.0,
                0.0,
                0.0,
                0.0,
                0.022151898734177215,
                0.0,
                0.011627906976744186,
                0.041666666666666664,
                0.0,
                0.013888888888888888,
                0.01876675603217158,
                0.010452961672473868,
                0.0,
                0.0,
                0.016241299303944315,
                0.0,
                0.1987704918032787,
                0.1391304347826087,
                0.0,
                0.2,
                0.021739130434782608,
                0.0,
                0.0,
                0.0,
                0.0,
                0.0,
                0.0,
                0.0,
                0.004975124378109453,
                0.03225806451612903,
                0.0,
                0.0,
                0.1043956043956044,
                0.023255813953488372,
                0.0,
                0.08478260869565217,
                0.0,
                0.0,
                0.0,
                0.0,
                0.0,
                0.06963249516441006
            ],
            "loss": 3.585186285547691
        },
        {
            "mode": "val",
            "f1_macro": 0.004203028595946304,
            "f1_per_class": [
                0,
                0,
                0.015037593984962405,
                0,
                0,
                0,
                0,
                0,
                0,
                0,
                0,
                0,
                0,
                0,
                0,
                0,
                0,
                0,
                0,
                0,
                0,
                0,
                0,
                0,
                0.14846625766871166,
                0,
                0,
                0,
                0,
                0,
                0,
                0,
                0,
                0,
                0,
                0,
                0,
                0,
                0,
                0,
                0,
                0,
                0,
                0.031496062992125984,
                0,
                0,
                0,
                0,
                0,
                0.01515151515151515
            ],
            "accuracy": 0.07901390644753477,
            "precision_per_class": [
                0.0,
                0.0,
                0.030303030303030304,
                0.0,
                0.0,
                0.0,
                0.0,
                0.0,
                0.0,
                0.0,
                0.0,
                0.0,
                0.0,
                0.0,
                0.0,
                0.0,
                0.0,
                0.0,
                0.0,
                0.0,
                0.0,
                0.0,
                0.0,
                0.0,
                0.08023872679045092,
                0.0,
                0.0,
                0.0,
                0.0,
                0.0,
                0.0,
                0.0,
                0.0,
                0.0,
                0.0,
                0.0,
                0.0,
                0.0,
                0.0,
                0.0,
                0.0,
                0.0,
                0.0,
                0.15384615384615385,
                0.0,
                0.0,
                0.0,
                0.0,
                0.0,
                0.3333333333333333
            ],
            "recall_per_class": [
                0.0,
                0.0,
                0.01,
                0.0,
                0.0,
                0.0,
                0.0,
                0.0,
                0.0,
                0.0,
                0.0,
                0.0,
                0.0,
                0.0,
                0.0,
                0.0,
                0.0,
                0.0,
                0.0,
                0.0,
                0.0,
                0.0,
                0.0,
                0.0,
                0.9918032786885246,
                0.0,
                0.0,
                0.0,
                0.0,
                0.0,
                0.0,
                0.0,
                0.0,
                0.0,
                0.0,
                0.0,
                0.0,
                0.0,
                0.0,
                0.0,
                0.0,
                0.0,
                0.0,
                0.017543859649122806,
                0.0,
                0.0,
                0.0,
                0.0,
                0.0,
                0.007751937984496124
            ],
            "loss": 3.368265142440796
        }
    ],
    "1": [
        {
            "mode": "train",
            "f1_macro": 0.022252071082166133,