{
    "0": [
        {
            "mode": "train",
            "f1_macro": 0.13974970421972835,
            "f1_per_class": [
                0,
                0,
                0.4005340453938585,
                0,
                0,
                0.44036697247706424,
                0,
                0,
                0,
                0,
                0,
                0,
                0.29158878504672897,
                0,
                0.04395604395604395,
                0,
                0,
                0.09569377990430622,
                0.4629080118694362,
                0.6632996632996633,
                0,
                0,
                0.5423728813559322,
                0.4883720930232558,
                0.4550561797752809,
                0.5951704545454546,
                0,
                0,
                0.1616161616161616,
                0,
                0,
                0,
                0.1805869074492099,
                0,
                0,
                0,
                0.3088607594936708,
                0,
                0.015503875968992248,
                0,
                0.6405867970660147,
                0.1387755102040816,
                0,
                0.4548049476688868,
                0,
                0,
                0,
                0,
                0,
                0.6074313408723747
            ],
            "accuracy": 0.4439769362630513,
            "precision_per_class": 